date,Change,label
,,
2021-03-22,24.110107421875,up
2021-03-23,-27.080078125,down
2021-03-24,-30.7900390625,down
2021-03-25,30.179931640625,up
2021-03-26,57.419921875,up
2021-03-29,1.780029296875,up
2021-03-30,-4.7900390625,down
2021-03-31,5.639892578125,up
2021-04-01,27.090087890625,up
2021-04-05,43.469970703125,up
2021-04-06,-1.630126953125,down
2021-04-07,5.659912109375,up
2021-04-08,7.219970703125,up
2021-04-09,32.68994140625,up
2021-04-12,3.2802734375,up
2021-04-13,11.48974609375,up
2021-04-14,-16.919921875,down
2021-04-15,30.66015625,up
2021-04-16,11.330078125,up
2021-04-19,-16.5400390625,down
2021-04-20,-24.240234375,down
2021-04-21,45.0,up
2021-04-22,-35.47998046875,down
2021-04-23,41.39013671875,up
2021-04-26,2.59033203125,up
2021-04-27,-1.52978515625,down
2021-04-28,-1.9599609375,down
2021-04-29,5.330078125,up
2021-04-30,-16.93017578125,down
2021-05-03,0.68017578125,up
2021-05-04,-14.3798828125,down
2021-05-05,-9.47021484375,down
2021-05-06,32.47998046875,up
2021-05-07,22.26025390625,up
2021-05-10,-39.85986328125,down
2021-05-11,1.76025390625,up
2021-05-12,-67.509765625,down
2021-05-13,37.510009765625,up
2021-05-14,44.27001953125,up
2021-05-17,-6.6298828125,down
2021-05-18,-38.10986328125,down
2021-05-19,17.22998046875,up
2021-05-20,37.14990234375,up
2021-05-21,-12.75,down
2021-05-24,26.8896484375,up
2021-05-25,-17.81005859375,down
2021-05-26,4.400390625,up
2021-05-27,-1.06005859375,down
2021-05-28,-6.66015625,down
2021-06-01,-14.47998046875,down
2021-06-02,1.30029296875,up
2021-06-03,1.419921875,up
2021-06-04,23.84033203125,up
2021-06-07,-2.81982421875,down
2021-06-08,-6.55029296875,down
2021-06-09,-13.4404296875,down
2021-06-10,10.6201171875,up
2021-06-11,4.5400390625,up
2021-06-14,6.83984375,up
2021-06-15,-8.68994140625,down
2021-06-16,-25.169921875,down
2021-06-17,1.48974609375,up
2021-06-18,-38.32958984375,down
2021-06-21,51.39013671875,up
2021-06-22,21.830078125,up
2021-06-23,-7.43017578125,down
2021-06-24,9.52001953125,up
2021-06-25,6.25,up
2021-06-28,5.7099609375,up
2021-06-29,-1.41015625,down
2021-06-30,6.85009765625,up
2021-07-01,19.2099609375,up
2021-07-02,25.73974609375,up
2021-07-06,-12.919921875,down
2021-07-07,7.1201171875,up
2021-07-08,-0.25,down
2021-07-09,40.169921875,up
2021-07-12,12.2197265625,up
2021-07-13,-11.85986328125,down
2021-07-14,-5.81005859375,down
2021-07-15,-8.990234375,down
2021-07-16,-40.27001953125,down
2021-07-19,-37.90966796875,down
2021-07-20,57.9501953125,up
2021-07-21,27.56005859375,up
2021-07-22,6.2099609375,up
2021-07-23,30.58984375,up
2021-07-26,12.7197265625,up
2021-07-27,-14.919921875,down
2021-07-28,-2.31005859375,down
2021-07-29,15.56005859375,up
2021-07-30,0.1396484375,up
2021-08-02,-19.69970703125,down
2021-08-03,30.40966796875,up
2021-08-04,-13.2900390625,down
2021-08-05,20.240234375,up
2021-08-06,7.4501953125,up
2021-08-09,-5.419921875,down
2021-08-10,0.9599609375,up
2021-08-11,0.22998046875,up
2021-08-12,14.75,up
2021-08-13,3.16015625,up
2021-08-16,18.06005859375,up
2021-08-17,-14.0400390625,down
2021-08-18,-40.669921875,down
2021-08-19,23.35986328125,up
2021-08-20,31.10986328125,up
2021-08-23,29.23974609375,up
2021-08-24,1.830078125,up
2021-08-25,5.73974609375,up
2021-08-26,-23.75,down
2021-08-27,35.27001953125,up
2021-08-30,15.0302734375,up
2021-08-31,-7.06982421875,down
2021-09-01,-4.7099609375,down
2021-09-02,2.47021484375,up
2021-09-03,3.01025390625,up
2021-09-07,-15.35009765625,down
2021-09-08,-4.02001953125,down
2021-09-09,-19.740234375,down
2021-09-10,-48.33984375,down
2021-09-13,-6.080078125,down
2021-09-14,-36.2802734375,down
2021-09-15,33.2099609375,up
2021-09-16,-3.33984375,down
2021-09-17,-36.75,down
2021-09-20,-45.22021484375,down
2021-09-21,-20.26025390625,down
2021-09-22,28.2099609375,up
2021-09-23,42.22998046875,up
2021-09-24,17.43994140625,up
2021-09-27,0.98974609375,up
2021-09-28,-66.91015625,down
2021-09-29,-2.9501953125,down
2021-09-30,-63.1298828125,down
2021-10-01,39.8798828125,up
2021-10-04,-48.3798828125,down
2021-10-05,35.85009765625,up
2021-10-06,43.97998046875,up
2021-10-07,16.02978515625,up
2021-10-08,-15.169921875,down
2021-10-11,-24.25,down
2021-10-12,-17.66015625,down
2021-10-13,5.7900390625,up
2021-10-14,51.509765625,up
2021-10-15,23.68017578125,up
2021-10-18,22.73974609375,up
2021-10-19,22.2900390625,up
2021-10-20,11.77001953125,up
2021-10-21,17.53955078125,up
2021-10-22,-1.22021484375,down
2021-10-25,12.7900390625,up
2021-10-26,-3.89990234375,down
2021-10-27,-28.5400390625,down
2021-10-28,33.580078125,up
2021-10-29,32.509765625,up
2021-11-01,3.0498046875,up
2021-11-02,17.31005859375,up
2021-11-03,29.919921875,up
2021-11-04,17.1298828125,up
2021-11-05,-1.72998046875,down
2021-11-08,0.22021484375,up
2021-11-09,-22.0,down
2021-11-10,-23.5498046875,down
2021-11-11,-10.1201171875,down
2021-11-12,27.60986328125,up
2021-11-15,-6.5,down
2021-11-16,21.47998046875,up
2021-11-17,-12.830078125,down
2021-11-18,3.81982421875,up
2021-11-19,-10.47998046875,down
2021-11-22,-29.06005859375,down
2021-11-23,12.22021484375,up
2021-11-24,25.68017578125,up
2021-11-26,-70.009765625,down
2021-11-29,26.52001953125,up
2021-11-30,-73.25,down
2021-12-01,-89.77978515625,down
2021-12-02,72.3701171875,up
2021-12-03,-51.06005859375,down
2021-12-06,43.2998046875,up
2021-12-07,54.77978515625,up
2021-12-08,10.35009765625,up
2021-12-09,-23.5498046875,down
2021-12-10,24.3798828125,up
2021-12-13,-41.32958984375,down
2021-12-14,-8.900390625,down
2021-12-15,73.39013671875,up
2021-12-16,-50.4599609375,down
2021-12-17,-31.85986328125,down
2021-12-20,-19.8798828125,down
2021-12-21,54.27001953125,up
2021-12-22,46.2001953125,up
2021-12-23,21.830078125,up
2021-12-27,57.19970703125,up
2021-12-28,-9.14013671875,down
2021-12-29,4.419921875,up
2021-12-30,-15.5,down
2021-12-31,-9.02978515625,down
2022-01-03,18.419921875,up
2022-01-04,-10.9697265625,down
2022-01-05,-87.41015625,down
2022-01-06,2.65966796875,up
2022-01-07,-20.63037109375,down
2022-01-10,14.9501953125,up
2022-01-11,43.9296875,up
2022-01-12,-2.23974609375,down
2022-01-13,-74.5302734375,down
2022-01-14,24.85986328125,up
2022-01-18,-55.13037109375,down
2022-01-19,-55.27001953125,down
2022-01-20,-64.6201171875,down
2022-01-21,-73.43994140625,down
2022-01-24,53.81005859375,up
2022-01-25,-10.18994140625,down
2022-01-26,-58.5,down
2022-01-27,-54.0703125,down
2022-01-28,95.66015625,up
2022-01-31,83.759765625,up
2022-02-01,26.97021484375,up
2022-02-02,22.98974609375,up
2022-02-03,-57.97021484375,down
2022-02-04,17.73974609375,up
2022-02-07,-21.8798828125,down
2022-02-08,41.52001953125,up
2022-02-09,40.18017578125,up
2022-02-10,-49.16015625,down
2022-02-11,-87.6298828125,down
2022-02-14,-10.93994140625,down
2022-02-15,41.7900390625,up
2022-02-16,19.259765625,up
2022-02-17,-75.80029296875,down
2022-02-18,-35.69970703125,down
2022-02-22,-27.98046875,down
2022-02-23,-99.43017578125,down
2022-02-24,132.93017578125,up
2022-02-25,86.27001953125,up
2022-02-28,19.77001953125,up
2022-03-01,-56.88037109375,down
2022-03-02,63.97998046875,up
2022-03-03,-37.81982421875,down
2022-03-04,-13.25,down
2022-03-07,-125.919921875,down
2022-03-08,-31.9599609375,down
2022-03-09,54.77978515625,up
2022-03-10,6.97021484375,up
2022-03-11,-75.18994140625,down
2022-03-14,-29.64013671875,down
2022-03-15,73.63037109375,up
2022-03-16,69.7197265625,up
2022-03-17,66.56005859375,up
2022-03-18,55.7802734375,up
2022-03-21,-1.2197265625,down
2022-03-22,42.509765625,up
2022-03-23,-36.85986328125,down
2022-03-24,50.18017578125,up
2022-03-25,20.14990234375,up
2022-03-28,34.43017578125,up
2022-03-29,28.740234375,up
2022-03-30,-21.75,down
2022-03-31,-68.60986328125,down
2022-04-01,5.5400390625,up
2022-04-04,34.669921875,up
2022-04-05,-47.330078125,down
2022-04-06,-13.02001953125,down
2022-04-07,25.56005859375,up
2022-04-08,-5.8701171875,down
2022-04-11,-50.1103515625,down
2022-04-12,-40.1396484375,down
2022-04-13,52.2900390625,up
2022-04-14,-56.5302734375,down
2022-04-18,6.06005859375,up
2022-04-19,71.580078125,up
2022-04-20,-12.8095703125,down
2022-04-21,-95.509765625,down
2022-04-22,-114.05029296875,down
2022-04-25,40.7802734375,up
2022-04-26,-102.93994140625,down
2022-04-27,-2.56005859375,down
2022-04-28,64.919921875,up
2022-04-29,-121.81982421875,down
2022-05-02,24.77001953125,up
2022-05-03,15.7001953125,up
2022-05-04,118.98974609375,up
2022-05-05,-123.56005859375,down
2022-05-06,-4.830078125,down
2022-05-09,-90.030029296875,down
2022-05-10,-34.1298828125,down
2022-05-11,-54.900146484375,down
2022-05-12,26.130126953125,up
2022-05-13,59.989990234375,up
2022-05-16,-5.010009765625,down
2022-05-17,36.85009765625,up
2022-05-18,-128.300048828125,down
2022-05-19,1.7900390625,up
2022-05-20,-26.39990234375,down
2022-05-23,54.330078125,up
2022-05-24,-1.4599609375,down
2022-05-25,49.139892578125,up
2022-05-26,73.239990234375,up
2022-05-27,80.810302734375,up
2022-05-31,-18.93994140625,down
2022-06-01,-48.5498046875,down
2022-06-02,81.409912109375,up
2022-06-03,-29.02978515625,down
2022-06-06,-13.2900390625,down
2022-06-07,64.2099609375,up
2022-06-08,-31.35009765625,down
2022-06-09,-83.829833984375,down
2022-06-10,-73.52978515625,down
2022-06-13,-88.52001953125,down
2022-06-14,-28.0400390625,down
2022-06-15,25.93994140625,up
2022-06-16,-61.409912109375,down
2022-06-17,8.940185546875,up
2022-06-21,49.47998046875,up
2022-06-22,26.0,up
2022-06-23,21.02001953125,up
2022-06-24,89.989990234375,up
2022-06-27,-20.64990234375,down
2022-06-28,-91.449951171875,down
2022-06-29,-6.260009765625,down
2022-06-30,-0.610107421875,down
2022-07-01,44.330078125,up
2022-07-05,38.77978515625,up
2022-07-06,13.10009765625,up
2022-07-07,43.77001953125,up
2022-07-08,11.119873046875,up
2022-07-11,-26.510009765625,down
2022-07-12,-33.14990234375,down
2022-07-13,22.110107421875,up
2022-07-14,26.389892578125,up
2022-07-15,45.159912109375,up
2022-07-18,-52.93994140625,down
2022-07-19,75.9599609375,up
2022-07-20,24.579833984375,up
2022-07-21,43.47998046875,up
2022-07-22,-36.800048828125,down
2022-07-25,1.1201171875,up
2022-07-26,-32.169921875,down
2022-07-27,72.18017578125,up
2022-07-28,46.300048828125,up
2022-07-29,42.9599609375,up
2022-08-01,6.25,up
2022-08-02,-13.02001953125,down
2022-08-03,47.2099609375,up
2022-08-04,-2.91015625,down
2022-08-05,29.31982421875,up
2022-08-08,-15.8701171875,down
2022-08-09,-10.6396484375,down
2022-08-10,29.22021484375,up
2022-08-11,-20.1298828125,down
2022-08-12,55.1298828125,up
2022-08-15,27.77001953125,up
2022-08-16,14.740234375,up
2022-08-17,-6.35986328125,down
2022-08-18,10.6103515625,up
2022-08-19,-37.830078125,down
2022-08-22,-57.08984375,down
2022-08-23,-4.35986328125,down
2022-08-24,14.22021484375,up
2022-08-25,45.8603515625,up
2022-08-26,-141.080322265625,down
2022-08-29,-3.969970703125,down
2022-08-30,-55.090087890625,down
2022-08-31,-45.669921875,down
2022-09-01,30.1201171875,up
2022-09-02,-70.39990234375,down
2022-09-06,-22.699951171875,down
2022-09-07,70.440185546875,up
2022-09-08,46.239990234375,up
2022-09-09,44.420166015625,up
2022-09-12,26.740234375,up
2022-09-13,-104.43017578125,down
2022-09-14,5.280029296875,up
2022-09-15,-31.059814453125,down
2022-09-16,-7.619873046875,down
2022-09-19,49.97998046875,up
2022-09-20,-19.300048828125,down
2022-09-21,-81.469970703125,down
2022-09-22,-24.3701171875,down
2022-09-23,-33.909912109375,down
2022-09-26,-27.679931640625,down
2022-09-27,-39.14990234375,down
2022-09-28,67.10009765625,up
2022-09-29,-46.5400390625,down
2022-09-30,-47.85986328125,down
2022-10-03,68.64990234375,up
2022-10-04,64.469970703125,up
2022-10-05,30.030029296875,up
2022-10-06,-27.449951171875,down
2022-10-07,-67.080078125,down
2022-10-10,-35.1201171875,down
2022-10-11,-7.02001953125,down
2022-10-12,-13.800048828125,down
2022-10-13,149.539794921875,up
2022-10-14,-107.33984375,down
2022-10-17,39.300048828125,up
2022-10-18,-26.280029296875,down
2022-10-19,-7.9501953125,down
2022-10-20,-23.27001953125,down
2022-10-21,95.64990234375,up
2022-10-24,35.330078125,up
2022-10-25,59.670166015625,up
2022-10-26,4.630126953125,up
2022-10-27,-27.389892578125,down
2022-10-28,92.800048828125,up
2022-10-31,-9.8701171875,down
2022-11-01,-45.68994140625,down
2022-11-02,-93.2099609375,down
2022-11-03,-13.360107421875,down
2022-11-04,3.570068359375,up
2022-11-07,26.090087890625,up
2022-11-08,11.090087890625,up
2022-11-09,-62.369873046875,down
2022-11-10,96.480224609375,up
2022-11-11,29.2099609375,up
2022-11-14,-20.719970703125,down
2022-11-15,-14.679931640625,down
2022-11-16,-18.030029296875,down
2022-11-17,27.300048828125,up
2022-11-18,-1.0498046875,down
2022-11-21,-6.2900390625,down
2022-11-22,38.070068359375,up
2022-11-23,26.9599609375,up
2022-11-25,2.780029296875,up
2022-11-28,-41.420166015625,down
2022-11-29,-6.56005859375,down
2022-11-30,122.93017578125,up
2022-12-01,-10.56982421875,down
2022-12-02,31.530029296875,up
2022-12-05,-53.179931640625,down
2022-12-06,-55.369873046875,down
2022-12-07,0.639892578125,up
2022-12-08,15.719970703125,up
2022-12-09,-19.7900390625,down
2022-12-12,51.27001953125,up
2022-12-13,-49.72998046875,down
2022-12-14,-20.219970703125,down
2022-12-15,-62.6201171875,down
2022-12-16,-38.5498046875,down
2022-12-19,-36.130126953125,down
2022-12-20,11.150146484375,up
2022-12-21,38.949951171875,up
2022-12-22,-30.8701171875,down
2022-12-23,29.7099609375,up
2022-12-27,-14.090087890625,down
2022-12-28,-46.340087890625,down
2022-12-29,43.830078125,up
2022-12-30,10.43994140625,up
2023-01-03,-29.150146484375,down
2023-01-04,12.60986328125,up
2023-01-05,-31.639892578125,down
2023-01-06,71.7099609375,up
2023-01-09,-18.72998046875,down
2023-01-10,30.679931640625,up
2023-01-11,37.260009765625,up
2023-01-12,5.599853515625,up
2023-01-13,38.489990234375,up
2023-01-17,-8.31005859375,down
2023-01-18,-73.389892578125,down
2023-01-19,-12.989990234375,down
2023-01-20,63.570068359375,up
2023-01-23,41.670166015625,up
2023-01-24,15.2099609375,up
2023-01-25,33.510009765625,up
2023-01-26,24.349853515625,up
2023-01-27,16.840087890625,up
2023-01-30,-31.5,down
2023-01-31,55.75,up
2023-02-01,49.139892578125,up
2023-02-02,21.07958984375,up
2023-02-03,-0.2099609375,down
2023-02-06,-8.48974609375,down
2023-02-07,58.64990234375,up
2023-02-08,-35.6103515625,down
2023-02-09,-62.75,down
2023-02-10,21.5400390625,up
2023-02-13,40.669921875,up
2023-02-14,9.4296875,up
2023-02-15,28.10009765625,up
2023-02-16,-24.340087890625,down
2023-02-17,1.7001953125,up
2023-02-21,-55.010009765625,down
2023-02-22,-10.780029296875,down
2023-02-23,-6.280029296875,down
2023-02-24,-3.199951171875,down
2023-02-27,-10.1201171875,down
2023-02-28,-7.0400390625,down
2023-03-01,-11.9501953125,down
2023-03-02,42.670166015625,up
2023-03-03,47.619873046875,up
2023-03-06,-6.72998046875,down
2023-03-07,-61.889892578125,down
2023-03-08,4.4599609375,up
2023-03-09,-80.33984375,down
2023-03-10,-51.179931640625,down
2023-03-13,20.639892578125,up
2023-03-14,25.280029296875,up
2023-03-15,15.18994140625,up
2023-03-16,81.35009765625,up
2023-03-17,-42.050048828125,down
2023-03-20,34.10009765625,up
2023-03-21,26.980224609375,up
2023-03-22,-65.070068359375,down
2023-03-23,-10.489990234375,down
2023-03-24,31.780029296875,up
2023-03-27,-5.39990234375,down
2023-03-28,-2.85986328125,down
2023-03-29,28.280029296875,up
2023-03-30,4.090087890625,up
2023-03-31,53.130126953125,up
2023-04-03,22.3095703125,up
2023-04-04,-27.4296875,down
2023-04-05,-4.1201171875,down
2023-04-06,23.8701171875,up
2023-04-10,23.909912109375,up
2023-04-11,-1.35009765625,down
2023-04-12,-29.770263671875,down
2023-04-13,46.18017578125,up
2023-04-14,-2.4697265625,down
2023-04-17,14.14990234375,up
2023-04-18,-9.3896484375,down
2023-04-19,15.18994140625,up
2023-04-20,-0.68994140625,down
2023-04-21,1.3798828125,up
2023-04-24,4.97021484375,up
2023-04-25,-54.80029296875,down
2023-04-26,-31.7900390625,down
2023-04-27,60.06005859375,up
2023-04-28,39.85009765625,up
2023-05-01,1.080078125,up
2023-05-02,-44.52001953125,down
2023-05-03,-31.5,down
2023-05-04,-21.330078125,down
2023-05-05,51.52001953125,up
2023-05-08,1.14013671875,up
2023-05-09,-5.080078125,down
2023-05-10,-6.10009765625,down
2023-05-11,-1.6201171875,down
2023-05-12,-14.4599609375,down
2023-05-15,9.6298828125,up
2023-05-16,-18.05029296875,down
2023-05-17,35.919921875,up
2023-05-18,40.36962890625,up
2023-05-19,-12.169921875,down
2023-05-22,1.85009765625,up
2023-05-23,-31.2197265625,down
2023-05-24,-17.7197265625,down
2023-05-25,-4.43017578125,down
2023-05-26,49.2900390625,up
2023-05-30,-21.18994140625,down
2023-05-31,-10.91015625,down
2023-06-01,37.990234375,up
2023-06-02,41.3603515625,up
2023-06-05,-9.2001953125,down
2023-06-06,12.51025390625,up
2023-06-07,-17.9501953125,down
2023-06-08,25.240234375,up
2023-06-09,-6.02001953125,down
2023-06-12,30.6103515625,up
2023-06-13,16.39990234375,up
2023-06-14,6.2998046875,up
2023-06-15,60.509765625,up
2023-06-16,-31.3603515625,down
2023-06-20,-7.39990234375,down
2023-06-21,-14.31982421875,down
2023-06-22,26.490234375,up
2023-06-23,-5.83984375,down
2023-06-26,-16.02001953125,down
2023-06-27,41.05029296875,up
2023-06-28,9.3798828125,up
2023-06-29,21.5,up
2023-06-30,27.93994140625,up
2023-07-03,5.10986328125,up
2023-07-05,4.77978515625,up
2023-07-06,-11.0302734375,down
2023-07-07,-5.58984375,down
2023-07-10,15.2998046875,up
2023-07-11,23.7099609375,up
2023-07-12,4.47021484375,up
2023-07-13,18.5400390625,up
2023-07-14,-9.18994140625,down
2023-07-17,13.93017578125,up
2023-07-18,33.2001953125,up
2023-07-19,1.85009765625,up
2023-07-20,-19.509765625,down
2023-07-21,-13.8203125,down
2023-07-24,11.25,up
2023-07-25,12.27001953125,up
2023-07-26,7.7900390625,up
2023-07-27,-60.849609375,down
2023-07-28,16.47998046875,up
2023-07-31,4.14013671875,up
2023-08-01,-2.10009765625,down
2023-08-02,-37.5400390625,down
2023-08-03,7.6201171875,up
2023-08-04,-35.93017578125,down
2023-08-07,26.85986328125,up
2023-08-08,1.35009765625,up
2023-08-09,-33.85986328125,down
2023-08-10,-18.330078125,down
2023-08-11,13.35986328125,up
2023-08-14,31.59033203125,up
2023-08-15,-41.01025390625,down
2023-08-16,-29.4599609375,down
2023-08-17,-45.9599609375,down
2023-08-18,24.830078125,up
2023-08-21,19.490234375,up
2023-08-22,-27.7802734375,down
2023-08-23,39.56982421875,up
2023-08-24,-78.85009765625,down
2023-08-25,16.330078125,up
2023-08-28,7.2802734375,up
2023-08-29,64.8798828125,up
2023-08-30,14.5302734375,up
2023-08-31,-9.349609375,down
2023-09-01,-14.830078125,down
2023-09-05,-13.22998046875,down
2023-09-06,-24.8701171875,down
2023-09-07,16.59033203125,up
2023-09-08,6.1904296875,up
2023-09-11,6.47998046875,up
2023-09-12,-11.3701171875,down
2023-09-13,4.7900390625,up
2023-09-14,17.3203125,up
2023-09-15,-47.66015625,down
2023-09-18,8.39990234375,up
2023-09-19,-1.4599609375,down
2023-09-20,-50.60986328125,down
2023-09-21,-44.35986328125,down
2023-09-22,-21.68017578125,down
2023-09-25,26.81982421875,up
2023-09-26,-39.35009765625,down
2023-09-27,-8.1201171875,down
2023-09-28,30.05029296875,up
2023-09-29,-40.13037109375,down
2023-10-02,3.8701171875,up
2023-10-03,-40.2998046875,down
2023-10-04,29.919921875,up
2023-10-05,-1.1201171875,down
2023-10-06,73.7099609375,up
2023-10-09,46.64013671875,up
2023-10-10,18.490234375,up
2023-10-11,10.3603515625,up
2023-10-12,-31.330078125,down
2023-10-13,-32.71044921875,down
2023-10-16,31.259765625,up
2023-10-17,27.97021484375,up
2023-10-18,-42.75,down
2023-10-19,-43.35986328125,down
2023-10-20,-49.68994140625,down
2023-10-23,6.64013671875,up
2023-10-24,11.89013671875,up
2023-10-25,-45.64990234375,down
2023-10-26,-38.76025390625,down
2023-10-27,-35.56005859375,down
2023-10-30,27.4296875,up
2023-10-31,22.4697265625,up
2023-11-01,36.58984375,up
2023-11-02,49.52001953125,up
2023-11-03,24.10986328125,up
2023-11-06,1.7099609375,up
2023-11-07,12.169921875,up
2023-11-08,-1.59033203125,down
2023-11-09,-44.06005859375,down
2023-11-10,51.09033203125,up
2023-11-13,4.8896484375,up
2023-11-14,36.72998046875,up
2023-11-15,-2.419921875,down
2023-11-16,11.16015625,up
2023-11-17,4.47021484375,up
2023-11-20,35.6796875,up
2023-11-21,-0.580078125,down
2023-11-22,3.580078125,up
2023-11-24,3.5,up
2023-11-27,-4.4296875,down
2023-11-28,9.34033203125,up
2023-11-29,-21.259765625,down
2023-11-30,12.9296875,up
2023-12-01,35.19970703125,up
2023-12-04,5.40966796875,up
2023-12-05,9.93017578125,up
2023-12-06,-36.89013671875,down
2023-12-07,16.75,up
2023-12-08,28.169921875,up
2023-12-11,29.0498046875,up
2023-12-12,25.400390625,up
2023-12-13,60.8896484375,up
2023-12-14,-1.490234375,down
2023-12-15,4.9599609375,up
2023-12-18,14.97998046875,up
2023-12-19,24.64990234375,up
2023-12-20,-66.3798828125,down
2023-12-21,22.4599609375,up
2023-12-22,0.7099609375,up
2023-12-26,15.89013671875,up
2023-12-27,8.1298828125,up
2023-12-28,-3.08984375,down
2023-12-29,-13.0498046875,down
2024-01-02,-2.3701171875,down
2024-01-03,-20.259765625,down
2024-01-04,-8.73974609375,down
2024-01-05,6.67041015625,up
2024-01-08,59.83984375,up
2024-01-09,14.56982421875,up
2024-01-10,23.51025390625,up
2024-01-11,-11.8896484375,down
2024-01-12,-7.35009765625,down
2024-01-16,-6.3701171875,down
2024-01-17,0.080078125,up
2024-01-18,20.83984375,up
2024-01-19,43.5302734375,up
2024-01-22,-2.98974609375,down
2024-01-23,7.80029296875,up
2024-01-24,-20.01025390625,down
2024-01-25,7.5,up
2024-01-26,2.06005859375,up
2024-01-29,34.97998046875,up
2024-01-30,-0.919921875,down
2024-01-31,-53.5400390625,down
2024-02-01,45.080078125,up
2024-02-02,42.5498046875,up
2024-02-05,-14.3798828125,down
2024-02-06,4.06982421875,up
2024-02-07,22.01025390625,up
2024-02-08,2.75,up
2024-02-09,22.43994140625,up
2024-02-12,-4.990234375,down
2024-02-13,-14.77001953125,down
2024-02-14,24.18017578125,up
2024-02-15,26.58984375,up
2024-02-16,-25.56005859375,down
2024-02-20,-13.81005859375,down
2024-02-21,18.77001953125,up
2024-02-22,48.19970703125,up
2024-02-23,-12.1201171875,down
2024-02-26,-23.47021484375,down
2024-02-27,3.580078125,up
2024-02-28,2.5595703125,up
2024-02-29,10.91015625,up
2024-03-01,38.5703125,up
2024-03-04,-0.0400390625,down
2024-03-05,-31.8701171875,down
2024-03-06,-3.27001953125,down
2024-03-07,24.97998046875,up
2024-03-08,-40.77001953125,down
2024-03-11,5.97998046875,up
2024-03-12,40.97021484375,up
2024-03-13,-8.18017578125,down
2024-03-14,-24.66015625,down
2024-03-15,-6.22021484375,down
2024-03-18,-5.35009765625,down
2024-03-19,39.419921875,up
2024-03-20,42.93017578125,up
2024-03-21,-11.900390625,down
2024-03-22,-8.2998046875,down
2024-03-25,-1.330078125,down
2024-03-26,-25.27001953125,down
2024-03-27,22.18017578125,up
2024-03-28,6.3203125,up
2024-04-01,-14.2001953125,down
2024-04-02,1.52001953125,up
2024-04-03,17.1201171875,up
2024-04-04,-96.83984375,down
2024-04-05,45.3896484375,up
2024-04-08,-8.97998046875,down
2024-04-09,-7.11962890625,down
2024-04-10,-7.23974609375,down
2024-04-11,26.10986328125,up
2024-04-12,-48.099609375,down
2024-04-15,-87.85009765625,down
2024-04-16,-13.1796875,down
2024-04-17,-46.76025390625,down
2024-04-18,-20.39990234375,down
2024-04-19,-38.2099609375,down
2024-04-22,23.27001953125,up
2024-04-23,41.69970703125,up
2024-04-24,-13.22998046875,down
2024-04-25,28.5400390625,up
2024-04-26,15.31005859375,up
2024-04-29,2.0400390625,up
2024-04-30,-68.08984375,down
2024-05-01,-10.6396484375,down
2024-05-02,14.88037109375,up
2024-05-03,5.01025390625,up
2024-05-06,38.3203125,up
2024-05-07,0.5,up
2024-05-08,18.68994140625,up
2024-05-09,25.05029296875,up
2024-05-10,-2.81005859375,down
2024-05-13,-11.66015625,down
2024-05-14,25.580078125,up
2024-05-15,44.89013671875,up
2024-05-16,-12.9697265625,down
2024-05-17,0.169921875,up
2024-05-20,2.77978515625,up
2024-05-21,22.72021484375,up
2024-05-22,-12.27001953125,down
2024-05-23,-72.419921875,down
2024-05-24,23.27001953125,up
2024-05-28,-9.8701171875,down
2024-05-29,-11.77978515625,down
2024-05-30,-24.2900390625,down
2024-05-31,34.2998046875,up
2024-06-03,-13.75,down
2024-06-04,13.099609375,up
2024-06-05,39.5498046875,up
2024-06-06,-4.83984375,down
2024-06-07,3.18017578125,up
2024-06-10,19.56982421875,up
2024-06-11,22.31982421875,up
2024-06-12,11.89990234375,up
2024-06-13,-8.18994140625,down
2024-06-14,7.52001953125,up
2024-06-17,42.1201171875,up
2024-06-18,10.8798828125,up
2024-06-20,-26.8203125,down
2024-06-21,-2.14990234375,down
2024-06-24,-11.7099609375,down
2024-06-25,8.56982421875,up
2024-06-26,17.18994140625,up
2024-06-27,9.2802734375,up
2024-06-28,-28.0,down
2024-07-01,4.009765625,up
2024-07-02,47.169921875,up
2024-07-03,29.580078125,up
2024-07-05,29.27978515625,up
2024-07-08,0.10009765625,up
2024-07-09,-7.26025390625,down
2024-07-10,42.650390625,up
2024-07-11,-50.669921875,down
2024-07-12,24.59033203125,up
2024-07-15,-6.93994140625,down
2024-07-16,23.1103515625,up
2024-07-17,-21.7998046875,down
2024-07-18,-63.97021484375,down
2024-07-19,-38.3701171875,down
2024-07-22,19.8701171875,up
2024-07-23,-9.5595703125,down
2024-07-24,-78.7099609375,down
2024-07-25,-29.47998046875,down
2024-07-26,25.43017578125,up
2024-07-29,-13.009765625,down
2024-07-30,-42.2900390625,down
2024-07-31,16.7099609375,up
2024-08-01,-91.15966796875,down
2024-08-02,-30.06982421875,down
2024-08-05,35.18994140625,up
2024-08-06,33.60986328125,up
2024-08-07,-93.6298828125,down
2024-08-08,66.740234375,up
2024-08-09,29.5,up
2024-08-12,-7.48974609375,down
2024-08-13,57.4501953125,up
2024-08-14,12.85009765625,up
2024-08-15,42.09033203125,up
2024-08-16,23.75,up
2024-08-19,51.02001953125,up
2024-08-20,-5.759765625,down
2024-08-21,17.76025390625,up
2024-08-22,-67.1298828125,down
2024-08-23,32.11962890625,up
2024-08-26,-22.8203125,down
2024-08-27,22.90966796875,up
2024-08-28,-32.32958984375,down
2024-08-29,-15.33984375,down
2024-08-30,35.65966796875,up
2024-09-03,-94.9599609375,down
2024-09-04,13.3896484375,up
2024-09-05,-16.669921875,down
2024-09-06,-98.91015625,down
2024-09-09,28.97998046875,up
2024-09-10,5.01025390625,up
2024-09-11,57.7099609375,up
2024-09-12,38.27978515625,up
2024-09-13,22.68017578125,up
2024-09-16,17.8798828125,up
2024-09-17,-20.9296875,down
2024-09-18,-23.42041015625,down
2024-09-19,11.01025390625,up
2024-09-20,-7.09033203125,down
2024-09-23,6.669921875,up
2024-09-24,5.27001953125,up
2024-09-25,-11.39013671875,down
2024-09-26,-16.85009765625,down
2024-09-27,-17.18994140625,down
2024-09-30,35.9599609375,up
2024-10-01,-48.97998046875,down
2024-10-02,11.39990234375,up
2024-10-03,1.75,up
2024-10-04,13.58984375,up
2024-10-07,-41.85986328125,down
2024-10-08,31.98974609375,up
2024-10-09,40.240234375,up
2024-10-10,1.68994140625,up
2024-10-11,39.93994140625,up
2024-10-14,30.0400390625,up
2024-10-15,-51.48046875,down
2024-10-16,25.89013671875,up
2024-10-17,-34.14990234375,down
2024-10-18,5.23974609375,up
2024-10-21,-3.83984375,down
2024-10-22,18.5,up
2024-10-23,-37.080078125,down
2024-10-24,-7.93994140625,down
2024-10-25,-18.6298828125,down
2024-10-28,-10.41015625,down
2024-10-29,13.23974609375,up
2024-10-30,-18.97998046875,down
2024-10-31,-69.8896484375,down
2024-11-01,5.57958984375,up
2024-11-04,-12.4599609375,down
2024-11-05,60.32958984375,up
2024-11-06,64.14990234375,up
2024-11-07,25.89013671875,up
2024-11-08,18.7802734375,up
2024-11-11,-7.509765625,down
2024-11-12,-19.60986328125,down
2024-11-13,-0.3701171875,down
2024-11-14,-40.51025390625,down
2024-11-15,-42.169921875,down
2024-11-18,19.4501953125,up
2024-11-19,46.93017578125,up
2024-11-20,2.77001953125,up
2024-11-21,8.1298828125,up
2024-11-22,24.97998046875,up
2024-11-25,-4.90966796875,down
2024-11-26,21.60009765625,up
2024-11-27,-15.36962890625,down
2024-11-29,28.39990234375,up
2024-12-02,7.0400390625,up
2024-12-03,6.90966796875,up
2024-12-04,17.10009765625,up
2024-12-05,-13.919921875,down
2024-12-06,8.89013671875,up
2024-12-09,-30.15966796875,down
2024-12-10,-22.6796875,down
2024-12-11,24.0400390625,up
2024-12-12,-23.0400390625,down
2024-12-13,-17.080078125,down
2024-12-16,10.2900390625,up
2024-12-17,-1.93994140625,down
2024-12-18,-175.48974609375,down
2024-12-19,-45.6298828125,down
2024-12-20,88.85009765625,up
2024-12-23,33.81982421875,up
2024-12-24,55.41015625,up
2024-12-26,12.61962890625,up
2024-12-27,-35.330078125,down
2024-12-30,-13.72998046875,down
2024-12-31,-38.1103515625,down
2025-01-02,-34.7099609375,down
2025-01-03,51.400390625,up
2025-01-06,-7.43017578125,down
2025-01-07,-84.22998046875,down
2025-01-08,7.58984375,up
2025-01-10,-63.31005859375,down
2025-01-13,54.2001953125,up
2025-01-14,-16.35986328125,down
2025-01-15,44.7001953125,up
2025-01-16,-26.27001953125,down
2025-01-17,1.26025390625,up
2025-01-21,35.1201171875,up
2025-01-22,4.97998046875,up
2025-01-23,42.39013671875,up
2025-01-24,-20.18994140625,down
2025-01-27,43.23974609375,up
2025-01-28,40.72998046875,up
2025-01-29,-18.39013671875,down
2025-01-30,20.419921875,up
2025-01-31,-56.26025390625,down
2025-02-03,24.919921875,up
2025-02-04,39.73974609375,up
2025-02-05,41.02978515625,up
2025-02-06,11.349609375,up
2025-02-07,-57.1396484375,down
2025-02-10,20.0400390625,up
2025-02-11,19.18017578125,up
2025-02-12,26.89013671875,up
2025-02-13,54.47998046875,up
2025-02-14,-0.89013671875,down
2025-02-18,7.97998046875,up
2025-02-19,26.39013671875,up
2025-02-20,-16.97998046875,down
2025-02-21,-100.97021484375,down
2025-02-24,-43.43994140625,down
2025-02-25,-27.47998046875,down
2025-02-26,-14.81005859375,down
2025-02-27,-120.31005859375,down
2025-02-28,97.759765625,up
2025-03-03,-118.60986328125,down
2025-03-04,-33.830078125,down
2025-03-05,61.27001953125,up
2025-03-06,-47.35009765625,down
2025-03-07,44.1904296875,up
2025-03-10,-90.81005859375,down
2025-03-11,-31.580078125,down
2025-03-12,-25.5400390625,down
2025-03-13,-72.93017578125,down
